event_id,conversation_id,timestamp,source_type,source_reliability,entity_ids,entity_match_type,action,raw_text,parameters,fact_type,fact_attributes,confidence_overall,confidence_breakdown,scenario_type,category,derived_from,stale_at,expires_at
legacy-0000,legacy-a,2025-07-11T23:49:47.428453Z,system,1.0,"[""entity-0""]",exact,memory_save,Legacy event 0: historical context for bottleneck test.,"{""legacy"": true, ""seq"": 0, ""conversation_id"": ""legacy-a""}",DAILY_DIGEST,"{""legacy_key"": ""k0"", ""container_id"": ""c0"", ""runtime"": ""docker"", ""score"": 0.4}",high,{},legacy_load,knowledge,[],,
legacy-0001,legacy-b,2025-07-12T11:49:47.428453Z,memory,0.70,"[""entity-1""]",exact,memory_fact_save,Legacy event 1: historical context for bottleneck test.,"{""legacy"": true, ""seq"": 1, ""conversation_id"": ""legacy-b""}",LEGACY_FACT,"{""legacy_key"": ""k1"", ""container_id"": ""c1"", ""runtime"": ""docker"", ""score"": 0.45}",medium,{},legacy_load,decision,[],,
legacy-0002,legacy-c,2025-07-12T23:49:47.428453Z,system,1.0,"[""entity-2""]",exact,tool_result,Legacy event 2: historical context for bottleneck test.,"{""legacy"": true, ""seq"": 2, ""conversation_id"": ""legacy-c""}",LEGACY_FACT,"{""legacy_key"": ""k2"", ""container_id"": ""c2"", ""runtime"": ""docker"", ""score"": 0.5}",low,{},legacy_load,user,[],,
legacy-0003,system,2025-07-13T11:49:47.428453Z,memory,0.70,"[""entity-3""]",exact,memory_search,Legacy event 3: historical context for bottleneck test.,"{""legacy"": true, ""seq"": 3, ""conversation_id"": ""system""}",DAILY_DIGEST,"{""legacy_key"": ""k3"", ""container_id"": ""c3"", ""runtime"": ""docker"", ""score"": 0.55}",high,{},legacy_load,knowledge,[],,
legacy-0004,legacy-a,2025-07-13T23:49:47.428453Z,system,1.0,"[""entity-4""]",exact,memory_save,Legacy event 4: historical context for bottleneck test.,"{""legacy"": true, ""seq"": 4, ""conversation_id"": ""legacy-a""}",LEGACY_FACT,"{""legacy_key"": ""k4"", ""container_id"": ""c4"", ""runtime"": ""docker"", ""score"": 0.6}",medium,{},legacy_load,decision,[],,
legacy-0005,legacy-b,2025-07-14T11:49:47.428453Z,memory,0.70,"[""entity-5""]",exact,memory_fact_save,Legacy event 5: historical context for bottleneck test.,"{""legacy"": true, ""seq"": 5, ""conversation_id"": ""legacy-b""}",LEGACY_FACT,"{""legacy_key"": ""k5"", ""container_id"": ""c5"", ""runtime"": ""docker"", ""score"": 0.65}",low,{},legacy_load,user,[],,
legacy-0006,legacy-c,2025-07-14T23:49:47.428453Z,system,1.0,"[""entity-6""]",exact,tool_result,Legacy event 6: historical context for bottleneck test.,"{""legacy"": true, ""seq"": 6, ""conversation_id"": ""legacy-c""}",DAILY_DIGEST,"{""legacy_key"": ""k6"", ""container_id"": ""c6"", ""runtime"": ""docker"", ""score"": 0.7}",high,{},legacy_load,knowledge,[],,
legacy-0007,system,2025-07-15T11:49:47.428453Z,memory,0.70,"[""entity-7""]",exact,memory_search,Legacy event 7: historical context for bottleneck test.,"{""legacy"": true, ""seq"": 7, ""conversation_id"": ""system""}",LEGACY_FACT,"{""legacy_key"": ""k7"", ""container_id"": ""c7"", ""runtime"": ""docker"", ""score"": 0.75}",medium,{},legacy_load,decision,[],,
legacy-0008,legacy-a,2025-07-15T23:49:47.428453Z,system,1.0,"[""entity-8""]",exact,memory_save,Legacy event 8: historical context for bottleneck test.,"{""legacy"": true, ""seq"": 8, ""conversation_id"": ""legacy-a""}",LEGACY_FACT,"{""legacy_key"": ""k8"", ""container_id"": ""c8"", ""runtime"": ""docker"", ""score"": 0.8}",low,{},legacy_load,user,[],,
legacy-0009,legacy-b,2025-07-16T11:49:47.428453Z,memory,0.70,"[""entity-9""]",exact,memory_fact_save,Legacy event 9: historical context for bottleneck test.,"{""legacy"": true, ""seq"": 9, ""conversation_id"": ""legacy-b""}",DAILY_DIGEST,"{""legacy_key"": ""k9"", ""container_id"": ""c9"", ""runtime"": ""docker"", ""score"": 0.85}",high,{},legacy_load,knowledge,[],,
legacy-0010,legacy-c,2025-07-16T23:49:47.428453Z,system,1.0,"[""entity-10""]",exact,tool_result,Legacy event 10: historical context for bottleneck test.,"{""legacy"": true, ""seq"": 10, ""conversation_id"": ""legacy-c""}",LEGACY_FACT,"{""legacy_key"": ""k10"", ""container_id"": ""c10"", ""runtime"": ""docker"", ""score"": 0.4}",medium,{},legacy_load,decision,[],,
legacy-0011,system,2025-07-17T11:49:47.428453Z,memory,0.70,"[""entity-11""]",exact,memory_search,Legacy event 11: historical context for bottleneck test.,"{""legacy"": true, ""seq"": 11, ""conversation_id"": ""system""}",LEGACY_FACT,"{""legacy_key"": ""k11"", ""container_id"": ""c11"", ""runtime"": ""docker"", ""score"": 0.45}",low,{},legacy_load,user,[],,
legacy-0012,legacy-a,2025-07-17T23:49:47.428453Z,system,1.0,"[""entity-12""]",exact,memory_save,Legacy event 12: historical context for bottleneck test.,"{""legacy"": true, ""seq"": 12, ""conversation_id"": ""legacy-a""}",DAILY_DIGEST,"{""legacy_key"": ""k12"", ""container_id"": ""c0"", ""runtime"": ""docker"", ""score"": 0.5}",high,{},legacy_load,knowledge,[],,
legacy-0013,legacy-b,2025-07-18T11:49:47.428453Z,memory,0.70,"[""entity-13""]",exact,memory_fact_save,Legacy event 13: historical context for bottleneck test.,"{""legacy"": true, ""seq"": 13, ""conversation_id"": ""legacy-b""}",LEGACY_FACT,"{""legacy_key"": ""k13"", ""container_id"": ""c1"", ""runtime"": ""docker"", ""score"": 0.55}",medium,{},legacy_load,decision,[],,
legacy-0014,legacy-c,2025-07-18T23:49:47.428453Z,system,1.0,"[""entity-14""]",exact,tool_result,Legacy event 14: historical context for bottleneck test.,"{""legacy"": true, ""seq"": 14, ""conversation_id"": ""legacy-c""}",LEGACY_FACT,"{""legacy_key"": ""k14"", ""container_id"": ""c2"", ""runtime"": ""docker"", ""score"": 0.6}",low,{},legacy_load,user,[],,
legacy-0015,system,2025-07-19T11:49:47.428453Z,memory,0.70,"[""entity-15""]",exact,memory_search,Legacy event 15: historical context for bottleneck test.,"{""legacy"": true, ""seq"": 15, ""conversation_id"": ""system""}",DAILY_DIGEST,"{""legacy_key"": ""k15"", ""container_id"": ""c3"", ""runtime"": ""docker"", ""score"": 0.65}",high,{},legacy_load,knowledge,[],,
legacy-0016,legacy-a,2025-07-19T23:49:47.428453Z,system,1.0,"[""entity-16""]",exact,memory_save,Legacy event 16: historical context for bottleneck test.,"{""legacy"": true, ""seq"": 16, ""conversation_id"": ""legacy-a""}",LEGACY_FACT,"{""legacy_key"": ""k16"", ""container_id"": ""c4"", ""runtime"": ""docker"", ""score"": 0.7}",medium,{},legacy_load,decision,[],,
legacy-0017,legacy-b,2025-07-20T11:49:47.428453Z,memory,0.70,"[""entity-17""]",exact,memory_fact_save,Legacy event 17: historical context for bottleneck test.,"{""legacy"": true, ""seq"": 17, ""conversation_id"": ""legacy-b""}",LEGACY_FACT,"{""legacy_key"": ""k17"", ""container_id"": ""c5"", ""runtime"": ""docker"", ""score"": 0.75}",low,{},legacy_load,user,[],,
legacy-0018,legacy-c,2025-07-20T23:49:47.428453Z,system,1.0,"[""entity-18""]",exact,tool_result,Legacy event 18: historical context for bottleneck test.,"{""legacy"": true, ""seq"": 18, ""conversation_id"": ""legacy-c""}",DAILY_DIGEST,"{""legacy_key"": ""k18"", ""container_id"": ""c6"", ""runtime"": ""docker"", ""score"": 0.8}",high,{},legacy_load,knowledge,[],,
legacy-0019,system,2025-07-21T11:49:47.428453Z,memory,0.70,"[""entity-19""]",exact,memory_search,Legacy event 19: historical context for bottleneck test.,"{""legacy"": true, ""seq"": 19, ""conversation_id"": ""system""}",LEGACY_FACT,"{""legacy_key"": ""k19"", ""container_id"": ""c7"", ""runtime"": ""docker"", ""score"": 0.85}",medium,{},legacy_load,decision,[],,
legacy-0020,legacy-a,2025-07-21T23:49:47.428453Z,system,1.0,"[""entity-20""]",exact,memory_save,Legacy event 20: historical context for bottleneck test.,"{""legacy"": true, ""seq"": 20, ""conversation_id"": ""legacy-a""}",LEGACY_FACT,"{""legacy_key"": ""k20"", ""container_id"": ""c8"", ""runtime"": ""docker"", ""score"": 0.4}",low,{},legacy_load,user,[],,
legacy-0021,legacy-b,2025-07-22T11:49:47.428453Z,memory,0.70,"[""entity-21""]",exact,memory_fact_save,Legacy event 21: historical context for bottleneck test.,"{""legacy"": true, ""seq"": 21, ""conversation_id"": ""legacy-b""}",DAILY_DIGEST,"{""legacy_key"": ""k21"", ""container_id"": ""c9"", ""runtime"": ""docker"", ""score"": 0.45}",high,{},legacy_load,knowledge,[],,
legacy-0022,legacy-c,2025-07-22T23:49:47.428453Z,system,1.0,"[""entity-22""]",exact,tool_result,Legacy event 22: historical context for bottleneck test.,"{""legacy"": true, ""seq"": 22, ""conversation_id"": ""legacy-c""}",LEGACY_FACT,"{""legacy_key"": ""k22"", ""container_id"": ""c10"", ""runtime"": ""docker"", ""score"": 0.5}",medium,{},legacy_load,decision,[],,
legacy-0023,system,2025-07-23T11:49:47.428453Z,memory,0.70,"[""entity-23""]",exact,memory_search,Legacy event 23: historical context for bottleneck test.,"{""legacy"": true, ""seq"": 23, ""conversation_id"": ""system""}",LEGACY_FACT,"{""legacy_key"": ""k23"", ""container_id"": ""c11"", ""runtime"": ""docker"", ""score"": 0.55}",low,{},legacy_load,user,[],,
legacy-0024,legacy-a,2025-07-23T23:49:47.428453Z,system,1.0,"[""entity-24""]",exact,memory_save,Legacy event 24: historical context for bottleneck test.,"{""legacy"": true, ""seq"": 24, ""conversation_id"": ""legacy-a""}",DAILY_DIGEST,"{""legacy_key"": ""k24"", ""container_id"": ""c0"", ""runtime"": ""docker"", ""score"": 0.6}",high,{},legacy_load,knowledge,[],,
legacy-0025,legacy-b,2025-07-24T11:49:47.428453Z,memory,0.70,"[""entity-0""]",exact,memory_fact_save,Legacy event 25: historical context for bottleneck test.,"{""legacy"": true, ""seq"": 25, ""conversation_id"": ""legacy-b""}",LEGACY_FACT,"{""legacy_key"": ""k25"", ""container_id"": ""c1"", ""runtime"": ""docker"", ""score"": 0.65}",medium,{},legacy_load,decision,[],,
legacy-0026,legacy-c,2025-07-24T23:49:47.428453Z,system,1.0,"[""entity-1""]",exact,tool_result,Legacy event 26: historical context for bottleneck test.,"{""legacy"": true, ""seq"": 26, ""conversation_id"": ""legacy-c""}",LEGACY_FACT,"{""legacy_key"": ""k26"", ""container_id"": ""c2"", ""runtime"": ""docker"", ""score"": 0.7}",low,{},legacy_load,user,[],,
legacy-0027,system,2025-07-25T11:49:47.428453Z,memory,0.70,"[""entity-2""]",exact,memory_search,Legacy event 27: historical context for bottleneck test.,"{""legacy"": true, ""seq"": 27, ""conversation_id"": ""system""}",DAILY_DIGEST,"{""legacy_key"": ""k27"", ""container_id"": ""c3"", ""runtime"": ""docker"", ""score"": 0.75}",high,{},legacy_load,knowledge,[],,
legacy-0028,legacy-a,2025-07-25T23:49:47.428453Z,system,1.0,"[""entity-3""]",exact,memory_save,Legacy event 28: historical context for bottleneck test.,"{""legacy"": true, ""seq"": 28, ""conversation_id"": ""legacy-a""}",LEGACY_FACT,"{""legacy_key"": ""k28"", ""container_id"": ""c4"", ""runtime"": ""docker"", ""score"": 0.8}",medium,{},legacy_load,decision,[],,
legacy-0029,legacy-b,2025-07-26T11:49:47.428453Z,memory,0.70,"[""entity-4""]",exact,memory_fact_save,Legacy event 29: historical context for bottleneck test.,"{""legacy"": true, ""seq"": 29, ""conversation_id"": ""legacy-b""}",LEGACY_FACT,"{""legacy_key"": ""k29"", ""container_id"": ""c5"", ""runtime"": ""docker"", ""score"": 0.85}",low,{},legacy_load,user,[],,
legacy-0030,legacy-c,2025-07-26T23:49:47.428453Z,system,1.0,"[""entity-5""]",exact,tool_result,Legacy event 30: historical context for bottleneck test.,"{""legacy"": true, ""seq"": 30, ""conversation_id"": ""legacy-c""}",DAILY_DIGEST,"{""legacy_key"": ""k30"", ""container_id"": ""c6"", ""runtime"": ""docker"", ""score"": 0.4}",high,{},legacy_load,knowledge,[],,
legacy-0031,system,2025-07-27T11:49:47.428453Z,memory,0.70,"[""entity-6""]",exact,memory_search,Legacy event 31: historical context for bottleneck test.,"{""legacy"": true, ""seq"": 31, ""conversation_id"": ""system""}",LEGACY_FACT,"{""legacy_key"": ""k31"", ""container_id"": ""c7"", ""runtime"": ""docker"", ""score"": 0.45}",medium,{},legacy_load,decision,[],,
legacy-0032,legacy-a,2025-07-27T23:49:47.428453Z,system,1.0,"[""entity-7""]",exact,memory_save,Legacy event 32: historical context for bottleneck test.,"{""legacy"": true, ""seq"": 32, ""conversation_id"": ""legacy-a""}",LEGACY_FACT,"{""legacy_key"": ""k32"", ""container_id"": ""c8"", ""runtime"": ""docker"", ""score"": 0.5}",low,{},legacy_load,user,[],,
legacy-0033,legacy-b,2025-07-28T11:49:47.428453Z,memory,0.70,"[""entity-8""]",exact,memory_fact_save,Legacy event 33: historical context for bottleneck test.,"{""legacy"": true, ""seq"": 33, ""conversation_id"": ""legacy-b""}",DAILY_DIGEST,"{""legacy_key"": ""k33"", ""container_id"": ""c9"", ""runtime"": ""docker"", ""score"": 0.55}",high,{},legacy_load,knowledge,[],,
legacy-0034,legacy-c,2025-07-28T23:49:47.428453Z,system,1.0,"[""entity-9""]",exact,tool_result,Legacy event 34: historical context for bottleneck test.,"{""legacy"": true, ""seq"": 34, ""conversation_id"": ""legacy-c""}",LEGACY_FACT,"{""legacy_key"": ""k34"", ""container_id"": ""c10"", ""runtime"": ""docker"", ""score"": 0.6}",medium,{},legacy_load,decision,[],,
legacy-0035,system,2025-07-29T11:49:47.428453Z,memory,0.70,"[""entity-10""]",exact,memory_search,Legacy event 35: historical context for bottleneck test.,"{""legacy"": true, ""seq"": 35, ""conversation_id"": ""system""}",LEGACY_FACT,"{""legacy_key"": ""k35"", ""container_id"": ""c11"", ""runtime"": ""docker"", ""score"": 0.65}",low,{},legacy_load,user,[],,
legacy-0036,legacy-a,2025-07-29T23:49:47.428453Z,system,1.0,"[""entity-11""]",exact,memory_save,Legacy event 36: historical context for bottleneck test.,"{""legacy"": true, ""seq"": 36, ""conversation_id"": ""legacy-a""}",DAILY_DIGEST,"{""legacy_key"": ""k36"", ""container_id"": ""c0"", ""runtime"": ""docker"", ""score"": 0.7}",high,{},legacy_load,knowledge,[],,
legacy-0037,legacy-b,2025-07-30T11:49:47.428453Z,memory,0.70,"[""entity-12""]",exact,memory_fact_save,Legacy event 37: historical context for bottleneck test.,"{""legacy"": true, ""seq"": 37, ""conversation_id"": ""legacy-b""}",LEGACY_FACT,"{""legacy_key"": ""k37"", ""container_id"": ""c1"", ""runtime"": ""docker"", ""score"": 0.75}",medium,{},legacy_load,decision,[],,
legacy-0038,legacy-c,2025-07-30T23:49:47.428453Z,system,1.0,"[""entity-13""]",exact,tool_result,Legacy event 38: historical context for bottleneck test.,"{""legacy"": true, ""seq"": 38, ""conversation_id"": ""legacy-c""}",LEGACY_FACT,"{""legacy_key"": ""k38"", ""container_id"": ""c2"", ""runtime"": ""docker"", ""score"": 0.8}",low,{},legacy_load,user,[],,
legacy-0039,system,2025-07-31T11:49:47.428453Z,memory,0.70,"[""entity-14""]",exact,memory_search,Legacy event 39: historical context for bottleneck test.,"{""legacy"": true, ""seq"": 39, ""conversation_id"": ""system""}",DAILY_DIGEST,"{""legacy_key"": ""k39"", ""container_id"": ""c3"", ""runtime"": ""docker"", ""score"": 0.85}",high,{},legacy_load,knowledge,[],,
legacy-0040,legacy-a,2025-07-31T23:49:47.428453Z,system,1.0,"[""entity-15""]",exact,memory_save,Legacy event 40: historical context for bottleneck test.,"{""legacy"": true, ""seq"": 40, ""conversation_id"": ""legacy-a""}",LEGACY_FACT,"{""legacy_key"": ""k0"", ""container_id"": ""c4"", ""runtime"": ""docker"", ""score"": 0.4}",medium,{},legacy_load,decision,[],,
legacy-0041,legacy-b,2025-08-01T11:49:47.428453Z,memory,0.70,"[""entity-16""]",exact,memory_fact_save,Legacy event 41: historical context for bottleneck test.,"{""legacy"": true, ""seq"": 41, ""conversation_id"": ""legacy-b""}",LEGACY_FACT,"{""legacy_key"": ""k1"", ""container_id"": ""c5"", ""runtime"": ""docker"", ""score"": 0.45}",low,{},legacy_load,user,[],,
legacy-0042,legacy-c,2025-08-01T23:49:47.428453Z,system,1.0,"[""entity-17""]",exact,tool_result,Legacy event 42: historical context for bottleneck test.,"{""legacy"": true, ""seq"": 42, ""conversation_id"": ""legacy-c""}",DAILY_DIGEST,"{""legacy_key"": ""k2"", ""container_id"": ""c6"", ""runtime"": ""docker"", ""score"": 0.5}",high,{},legacy_load,knowledge,[],,
legacy-0043,system,2025-08-02T11:49:47.428453Z,memory,0.70,"[""entity-18""]",exact,memory_search,Legacy event 43: historical context for bottleneck test.,"{""legacy"": true, ""seq"": 43, ""conversation_id"": ""system""}",LEGACY_FACT,"{""legacy_key"": ""k3"", ""container_id"": ""c7"", ""runtime"": ""docker"", ""score"": 0.55}",medium,{},legacy_load,decision,[],,
legacy-0044,legacy-a,2025-08-02T23:49:47.428453Z,system,1.0,"[""entity-19""]",exact,memory_save,Legacy event 44: historical context for bottleneck test.,"{""legacy"": true, ""seq"": 44, ""conversation_id"": ""legacy-a""}",LEGACY_FACT,"{""legacy_key"": ""k4"", ""container_id"": ""c8"", ""runtime"": ""docker"", ""score"": 0.6}",low,{},legacy_load,user,[],,
legacy-0045,legacy-b,2025-08-03T11:49:47.428453Z,memory,0.70,"[""entity-20""]",exact,memory_fact_save,Legacy event 45: historical context for bottleneck test.,"{""legacy"": true, ""seq"": 45, ""conversation_id"": ""legacy-b""}",DAILY_DIGEST,"{""legacy_key"": ""k5"", ""container_id"": ""c9"", ""runtime"": ""docker"", ""score"": 0.65}",high,{},legacy_load,knowledge,[],,
legacy-0046,legacy-c,2025-08-03T23:49:47.428453Z,system,1.0,"[""entity-21""]",exact,tool_result,Legacy event 46: historical context for bottleneck test.,"{""legacy"": true, ""seq"": 46, ""conversation_id"": ""legacy-c""}",LEGACY_FACT,"{""legacy_key"": ""k6"", ""container_id"": ""c10"", ""runtime"": ""docker"", ""score"": 0.7}",medium,{},legacy_load,decision,[],,
legacy-0047,system,2025-08-04T11:49:47.428453Z,memory,0.70,"[""entity-22""]",exact,memory_search,Legacy event 47: historical context for bottleneck test.,"{""legacy"": true, ""seq"": 47, ""conversation_id"": ""system""}",LEGACY_FACT,"{""legacy_key"": ""k7"", ""container_id"": ""c11"", ""runtime"": ""docker"", ""score"": 0.75}",low,{},legacy_load,user,[],,
legacy-0048,legacy-a,2025-08-04T23:49:47.428453Z,system,1.0,"[""entity-23""]",exact,memory_save,Legacy event 48: historical context for bottleneck test.,"{""legacy"": true, ""seq"": 48, ""conversation_id"": ""legacy-a""}",DAILY_DIGEST,"{""legacy_key"": ""k8"", ""container_id"": ""c0"", ""runtime"": ""docker"", ""score"": 0.8}",high,{},legacy_load,knowledge,[],,
legacy-0049,legacy-b,2025-08-05T11:49:47.428453Z,memory,0.70,"[""entity-24""]",exact,memory_fact_save,Legacy event 49: historical context for bottleneck test.,"{""legacy"": true, ""seq"": 49, ""conversation_id"": ""legacy-b""}",LEGACY_FACT,"{""legacy_key"": ""k9"", ""container_id"": ""c1"", ""runtime"": ""docker"", ""score"": 0.85}",medium,{},legacy_load,decision,[],,
legacy-0050,legacy-c,2025-08-05T23:49:47.428453Z,system,1.0,"[""entity-0""]",exact,tool_result,Legacy event 50: historical context for bottleneck test.,"{""legacy"": true, ""seq"": 50, ""conversation_id"": ""legacy-c""}",LEGACY_FACT,"{""legacy_key"": ""k10"", ""container_id"": ""c2"", ""runtime"": ""docker"", ""score"": 0.4}",low,{},legacy_load,user,[],,
legacy-0051,system,2025-08-06T11:49:47.428453Z,memory,0.70,"[""entity-1""]",exact,memory_search,Legacy event 51: historical context for bottleneck test.,"{""legacy"": true, ""seq"": 51, ""conversation_id"": ""system""}",DAILY_DIGEST,"{""legacy_key"": ""k11"", ""container_id"": ""c3"", ""runtime"": ""docker"", ""score"": 0.45}",high,{},legacy_load,knowledge,[],,
legacy-0052,legacy-a,2025-08-06T23:49:47.428453Z,system,1.0,"[""entity-2""]",exact,memory_save,Legacy event 52: historical context for bottleneck test.,"{""legacy"": true, ""seq"": 52, ""conversation_id"": ""legacy-a""}",LEGACY_FACT,"{""legacy_key"": ""k12"", ""container_id"": ""c4"", ""runtime"": ""docker"", ""score"": 0.5}",medium,{},legacy_load,decision,[],,
legacy-0053,legacy-b,2025-08-07T11:49:47.428453Z,memory,0.70,"[""entity-3""]",exact,memory_fact_save,Legacy event 53: historical context for bottleneck test.,"{""legacy"": true, ""seq"": 53, ""conversation_id"": ""legacy-b""}",LEGACY_FACT,"{""legacy_key"": ""k13"", ""container_id"": ""c5"", ""runtime"": ""docker"", ""score"": 0.55}",low,{},legacy_load,user,[],,
legacy-0054,legacy-c,2025-08-07T23:49:47.428453Z,system,1.0,"[""entity-4""]",exact,tool_result,Legacy event 54: historical context for bottleneck test.,"{""legacy"": true, ""seq"": 54, ""conversation_id"": ""legacy-c""}",DAILY_DIGEST,"{""legacy_key"": ""k14"", ""container_id"": ""c6"", ""runtime"": ""docker"", ""score"": 0.6}",high,{},legacy_load,knowledge,[],,
legacy-0055,system,2025-08-08T11:49:47.428453Z,memory,0.70,"[""entity-5""]",exact,memory_search,Legacy event 55: historical context for bottleneck test.,"{""legacy"": true, ""seq"": 55, ""conversation_id"": ""system""}",LEGACY_FACT,"{""legacy_key"": ""k15"", ""container_id"": ""c7"", ""runtime"": ""docker"", ""score"": 0.65}",medium,{},legacy_load,decision,[],,
legacy-0056,legacy-a,2025-08-08T23:49:47.428453Z,system,1.0,"[""entity-6""]",exact,memory_save,Legacy event 56: historical context for bottleneck test.,"{""legacy"": true, ""seq"": 56, ""conversation_id"": ""legacy-a""}",LEGACY_FACT,"{""legacy_key"": ""k16"", ""container_id"": ""c8"", ""runtime"": ""docker"", ""score"": 0.7}",low,{},legacy_load,user,[],,
legacy-0057,legacy-b,2025-08-09T11:49:47.428453Z,memory,0.70,"[""entity-7""]",exact,memory_fact_save,Legacy event 57: historical context for bottleneck test.,"{""legacy"": true, ""seq"": 57, ""conversation_id"": ""legacy-b""}",DAILY_DIGEST,"{""legacy_key"": ""k17"", ""container_id"": ""c9"", ""runtime"": ""docker"", ""score"": 0.75}",high,{},legacy_load,knowledge,[],,
legacy-0058,legacy-c,2025-08-09T23:49:47.428453Z,system,1.0,"[""entity-8""]",exact,tool_result,Legacy event 58: historical context for bottleneck test.,"{""legacy"": true, ""seq"": 58, ""conversation_id"": ""legacy-c""}",LEGACY_FACT,"{""legacy_key"": ""k18"", ""container_id"": ""c10"", ""runtime"": ""docker"", ""score"": 0.8}",medium,{},legacy_load,decision,[],,
legacy-0059,system,2025-08-10T11:49:47.428453Z,memory,0.70,"[""entity-9""]",exact,memory_search,Legacy event 59: historical context for bottleneck test.,"{""legacy"": true, ""seq"": 59, ""conversation_id"": ""system""}",LEGACY_FACT,"{""legacy_key"": ""k19"", ""container_id"": ""c11"", ""runtime"": ""docker"", ""score"": 0.85}",low,{},legacy_load,user,[],,
legacy-0060,legacy-a,2025-08-10T23:49:47.428453Z,system,1.0,"[""entity-10""]",exact,memory_save,Legacy event 60: historical context for bottleneck test.,"{""legacy"": true, ""seq"": 60, ""conversation_id"": ""legacy-a""}",DAILY_DIGEST,"{""legacy_key"": ""k20"", ""container_id"": ""c0"", ""runtime"": ""docker"", ""score"": 0.4}",high,{},legacy_load,knowledge,[],,
legacy-0061,legacy-b,2025-08-11T11:49:47.428453Z,memory,0.70,"[""entity-11""]",exact,memory_fact_save,Legacy event 61: historical context for bottleneck test.,"{""legacy"": true, ""seq"": 61, ""conversation_id"": ""legacy-b""}",LEGACY_FACT,"{""legacy_key"": ""k21"", ""container_id"": ""c1"", ""runtime"": ""docker"", ""score"": 0.45}",medium,{},legacy_load,decision,[],,
legacy-0062,legacy-c,2025-08-11T23:49:47.428453Z,system,1.0,"[""entity-12""]",exact,tool_result,Legacy event 62: historical context for bottleneck test.,"{""legacy"": true, ""seq"": 62, ""conversation_id"": ""legacy-c""}",LEGACY_FACT,"{""legacy_key"": ""k22"", ""container_id"": ""c2"", ""runtime"": ""docker"", ""score"": 0.5}",low,{},legacy_load,user,[],,
legacy-0063,system,2025-08-12T11:49:47.428453Z,memory,0.70,"[""entity-13""]",exact,memory_search,Legacy event 63: historical context for bottleneck test.,"{""legacy"": true, ""seq"": 63, ""conversation_id"": ""system""}",DAILY_DIGEST,"{""legacy_key"": ""k23"", ""container_id"": ""c3"", ""runtime"": ""docker"", ""score"": 0.55}",high,{},legacy_load,knowledge,[],,
legacy-0064,legacy-a,2025-08-12T23:49:47.428453Z,system,1.0,"[""entity-14""]",exact,memory_save,Legacy event 64: historical context for bottleneck test.,"{""legacy"": true, ""seq"": 64, ""conversation_id"": ""legacy-a""}",LEGACY_FACT,"{""legacy_key"": ""k24"", ""container_id"": ""c4"", ""runtime"": ""docker"", ""score"": 0.6}",medium,{},legacy_load,decision,[],,
legacy-0065,legacy-b,2025-08-13T11:49:47.428453Z,memory,0.70,"[""entity-15""]",exact,memory_fact_save,Legacy event 65: historical context for bottleneck test.,"{""legacy"": true, ""seq"": 65, ""conversation_id"": ""legacy-b""}",LEGACY_FACT,"{""legacy_key"": ""k25"", ""container_id"": ""c5"", ""runtime"": ""docker"", ""score"": 0.65}",low,{},legacy_load,user,[],,
legacy-0066,legacy-c,2025-08-13T23:49:47.428453Z,system,1.0,"[""entity-16""]",exact,tool_result,Legacy event 66: historical context for bottleneck test.,"{""legacy"": true, ""seq"": 66, ""conversation_id"": ""legacy-c""}",DAILY_DIGEST,"{""legacy_key"": ""k26"", ""container_id"": ""c6"", ""runtime"": ""docker"", ""score"": 0.7}",high,{},legacy_load,knowledge,[],,
legacy-0067,system,2025-08-14T11:49:47.428453Z,memory,0.70,"[""entity-17""]",exact,memory_search,Legacy event 67: historical context for bottleneck test.,"{""legacy"": true, ""seq"": 67, ""conversation_id"": ""system""}",LEGACY_FACT,"{""legacy_key"": ""k27"", ""container_id"": ""c7"", ""runtime"": ""docker"", ""score"": 0.75}",medium,{},legacy_load,decision,[],,
legacy-0068,legacy-a,2025-08-14T23:49:47.428453Z,system,1.0,"[""entity-18""]",exact,memory_save,Legacy event 68: historical context for bottleneck test.,"{""legacy"": true, ""seq"": 68, ""conversation_id"": ""legacy-a""}",LEGACY_FACT,"{""legacy_key"": ""k28"", ""container_id"": ""c8"", ""runtime"": ""docker"", ""score"": 0.8}",low,{},legacy_load,user,[],,
legacy-0069,legacy-b,2025-08-15T11:49:47.428453Z,memory,0.70,"[""entity-19""]",exact,memory_fact_save,Legacy event 69: historical context for bottleneck test.,"{""legacy"": true, ""seq"": 69, ""conversation_id"": ""legacy-b""}",DAILY_DIGEST,"{""legacy_key"": ""k29"", ""container_id"": ""c9"", ""runtime"": ""docker"", ""score"": 0.85}",high,{},legacy_load,knowledge,[],,
legacy-0070,legacy-c,2025-08-15T23:49:47.428453Z,system,1.0,"[""entity-20""]",exact,tool_result,Legacy event 70: historical context for bottleneck test.,"{""legacy"": true, ""seq"": 70, ""conversation_id"": ""legacy-c""}",LEGACY_FACT,"{""legacy_key"": ""k30"", ""container_id"": ""c10"", ""runtime"": ""docker"", ""score"": 0.4}",medium,{},legacy_load,decision,[],,
legacy-0071,system,2025-08-16T11:49:47.428453Z,memory,0.70,"[""entity-21""]",exact,memory_search,Legacy event 71: historical context for bottleneck test.,"{""legacy"": true, ""seq"": 71, ""conversation_id"": ""system""}",LEGACY_FACT,"{""legacy_key"": ""k31"", ""container_id"": ""c11"", ""runtime"": ""docker"", ""score"": 0.45}",low,{},legacy_load,user,[],,
legacy-0072,legacy-a,2025-08-16T23:49:47.428453Z,system,1.0,"[""entity-22""]",exact,memory_save,Legacy event 72: historical context for bottleneck test.,"{""legacy"": true, ""seq"": 72, ""conversation_id"": ""legacy-a""}",DAILY_DIGEST,"{""legacy_key"": ""k32"", ""container_id"": ""c0"", ""runtime"": ""docker"", ""score"": 0.5}",high,{},legacy_load,knowledge,[],,
legacy-0073,legacy-b,2025-08-17T11:49:47.428453Z,memory,0.70,"[""entity-23""]",exact,memory_fact_save,Legacy event 73: historical context for bottleneck test.,"{""legacy"": true, ""seq"": 73, ""conversation_id"": ""legacy-b""}",LEGACY_FACT,"{""legacy_key"": ""k33"", ""container_id"": ""c1"", ""runtime"": ""docker"", ""score"": 0.55}",medium,{},legacy_load,decision,[],,
legacy-0074,legacy-c,2025-08-17T23:49:47.428453Z,system,1.0,"[""entity-24""]",exact,tool_result,Legacy event 74: historical context for bottleneck test.,"{""legacy"": true, ""seq"": 74, ""conversation_id"": ""legacy-c""}",LEGACY_FACT,"{""legacy_key"": ""k34"", ""container_id"": ""c2"", ""runtime"": ""docker"", ""score"": 0.6}",low,{},legacy_load,user,[],,
legacy-0075,system,2025-08-18T11:49:47.428453Z,memory,0.70,"[""entity-0""]",exact,memory_search,Legacy event 75: historical context for bottleneck test.,"{""legacy"": true, ""seq"": 75, ""conversation_id"": ""system""}",DAILY_DIGEST,"{""legacy_key"": ""k35"", ""container_id"": ""c3"", ""runtime"": ""docker"", ""score"": 0.65}",high,{},legacy_load,knowledge,[],,
legacy-0076,legacy-a,2025-08-18T23:49:47.428453Z,system,1.0,"[""entity-1""]",exact,memory_save,Legacy event 76: historical context for bottleneck test.,"{""legacy"": true, ""seq"": 76, ""conversation_id"": ""legacy-a""}",LEGACY_FACT,"{""legacy_key"": ""k36"", ""container_id"": ""c4"", ""runtime"": ""docker"", ""score"": 0.7}",medium,{},legacy_load,decision,[],,
legacy-0077,legacy-b,2025-08-19T11:49:47.428453Z,memory,0.70,"[""entity-2""]",exact,memory_fact_save,Legacy event 77: historical context for bottleneck test.,"{""legacy"": true, ""seq"": 77, ""conversation_id"": ""legacy-b""}",LEGACY_FACT,"{""legacy_key"": ""k37"", ""container_id"": ""c5"", ""runtime"": ""docker"", ""score"": 0.75}",low,{},legacy_load,user,[],,
legacy-0078,legacy-c,2025-08-19T23:49:47.428453Z,system,1.0,"[""entity-3""]",exact,tool_result,Legacy event 78: historical context for bottleneck test.,"{""legacy"": true, ""seq"": 78, ""conversation_id"": ""legacy-c""}",DAILY_DIGEST,"{""legacy_key"": ""k38"", ""container_id"": ""c6"", ""runtime"": ""docker"", ""score"": 0.8}",high,{},legacy_load,knowledge,[],,
legacy-0079,system,2025-08-20T11:49:47.428453Z,memory,0.70,"[""entity-4""]",exact,memory_search,Legacy event 79: historical context for bottleneck test.,"{""legacy"": true, ""seq"": 79, ""conversation_id"": ""system""}",LEGACY_FACT,"{""legacy_key"": ""k39"", ""container_id"": ""c7"", ""runtime"": ""docker"", ""score"": 0.85}",medium,{},legacy_load,decision,[],,
legacy-0080,legacy-a,2025-08-20T23:49:47.428453Z,system,1.0,"[""entity-5""]",exact,memory_save,Legacy event 80: historical context for bottleneck test.,"{""legacy"": true, ""seq"": 80, ""conversation_id"": ""legacy-a""}",LEGACY_FACT,"{""legacy_key"": ""k0"", ""container_id"": ""c8"", ""runtime"": ""docker"", ""score"": 0.4}",low,{},legacy_load,user,[],,
legacy-0081,legacy-b,2025-08-21T11:49:47.428453Z,memory,0.70,"[""entity-6""]",exact,memory_fact_save,Legacy event 81: historical context for bottleneck test.,"{""legacy"": true, ""seq"": 81, ""conversation_id"": ""legacy-b""}",DAILY_DIGEST,"{""legacy_key"": ""k1"", ""container_id"": ""c9"", ""runtime"": ""docker"", ""score"": 0.45}",high,{},legacy_load,knowledge,[],,
legacy-0082,legacy-c,2025-08-21T23:49:47.428453Z,system,1.0,"[""entity-7""]",exact,tool_result,Legacy event 82: historical context for bottleneck test.,"{""legacy"": true, ""seq"": 82, ""conversation_id"": ""legacy-c""}",LEGACY_FACT,"{""legacy_key"": ""k2"", ""container_id"": ""c10"", ""runtime"": ""docker"", ""score"": 0.5}",medium,{},legacy_load,decision,[],,
legacy-0083,system,2025-08-22T11:49:47.428453Z,memory,0.70,"[""entity-8""]",exact,memory_search,Legacy event 83: historical context for bottleneck test.,"{""legacy"": true, ""seq"": 83, ""conversation_id"": ""system""}",LEGACY_FACT,"{""legacy_key"": ""k3"", ""container_id"": ""c11"", ""runtime"": ""docker"", ""score"": 0.55}",low,{},legacy_load,user,[],,
legacy-0084,legacy-a,2025-08-22T23:49:47.428453Z,system,1.0,"[""entity-9""]",exact,memory_save,Legacy event 84: historical context for bottleneck test.,"{""legacy"": true, ""seq"": 84, ""conversation_id"": ""legacy-a""}",DAILY_DIGEST,"{""legacy_key"": ""k4"", ""container_id"": ""c0"", ""runtime"": ""docker"", ""score"": 0.6}",high,{},legacy_load,knowledge,[],,
legacy-0085,legacy-b,2025-08-23T11:49:47.428453Z,memory,0.70,"[""entity-10""]",exact,memory_fact_save,Legacy event 85: historical context for bottleneck test.,"{""legacy"": true, ""seq"": 85, ""conversation_id"": ""legacy-b""}",LEGACY_FACT,"{""legacy_key"": ""k5"", ""container_id"": ""c1"", ""runtime"": ""docker"", ""score"": 0.65}",medium,{},legacy_load,decision,[],,
legacy-0086,legacy-c,2025-08-23T23:49:47.428453Z,system,1.0,"[""entity-11""]",exact,tool_result,Legacy event 86: historical context for bottleneck test.,"{""legacy"": true, ""seq"": 86, ""conversation_id"": ""legacy-c""}",LEGACY_FACT,"{""legacy_key"": ""k6"", ""container_id"": ""c2"", ""runtime"": ""docker"", ""score"": 0.7}",low,{},legacy_load,user,[],,
legacy-0087,system,2025-08-24T11:49:47.428453Z,memory,0.70,"[""entity-12""]",exact,memory_search,Legacy event 87: historical context for bottleneck test.,"{""legacy"": true, ""seq"": 87, ""conversation_id"": ""system""}",DAILY_DIGEST,"{""legacy_key"": ""k7"", ""container_id"": ""c3"", ""runtime"": ""docker"", ""score"": 0.75}",high,{},legacy_load,knowledge,[],,
legacy-0088,legacy-a,2025-08-24T23:49:47.428453Z,system,1.0,"[""entity-13""]",exact,memory_save,Legacy event 88: historical context for bottleneck test.,"{""legacy"": true, ""seq"": 88, ""conversation_id"": ""legacy-a""}",LEGACY_FACT,"{""legacy_key"": ""k8"", ""container_id"": ""c4"", ""runtime"": ""docker"", ""score"": 0.8}",medium,{},legacy_load,decision,[],,
legacy-0089,legacy-b,2025-08-25T11:49:47.428453Z,memory,0.70,"[""entity-14""]",exact,memory_fact_save,Legacy event 89: historical context for bottleneck test.,"{""legacy"": true, ""seq"": 89, ""conversation_id"": ""legacy-b""}",LEGACY_FACT,"{""legacy_key"": ""k9"", ""container_id"": ""c5"", ""runtime"": ""docker"", ""score"": 0.85}",low,{},legacy_load,user,[],,
legacy-0090,legacy-c,2025-08-25T23:49:47.428453Z,system,1.0,"[""entity-15""]",exact,tool_result,Legacy event 90: historical context for bottleneck test.,"{""legacy"": true, ""seq"": 90, ""conversation_id"": ""legacy-c""}",DAILY_DIGEST,"{""legacy_key"": ""k10"", ""container_id"": ""c6"", ""runtime"": ""docker"", ""score"": 0.4}",high,{},legacy_load,knowledge,[],,
legacy-0091,system,2025-08-26T11:49:47.428453Z,memory,0.70,"[""entity-16""]",exact,memory_search,Legacy event 91: historical context for bottleneck test.,"{""legacy"": true, ""seq"": 91, ""conversation_id"": ""system""}",LEGACY_FACT,"{""legacy_key"": ""k11"", ""container_id"": ""c7"", ""runtime"": ""docker"", ""score"": 0.45}",medium,{},legacy_load,decision,[],,
legacy-0092,legacy-a,2025-08-26T23:49:47.428453Z,system,1.0,"[""entity-17""]",exact,memory_save,Legacy event 92: historical context for bottleneck test.,"{""legacy"": true, ""seq"": 92, ""conversation_id"": ""legacy-a""}",LEGACY_FACT,"{""legacy_key"": ""k12"", ""container_id"": ""c8"", ""runtime"": ""docker"", ""score"": 0.5}",low,{},legacy_load,user,[],,
legacy-0093,legacy-b,2025-08-27T11:49:47.428453Z,memory,0.70,"[""entity-18""]",exact,memory_fact_save,Legacy event 93: historical context for bottleneck test.,"{""legacy"": true, ""seq"": 93, ""conversation_id"": ""legacy-b""}",DAILY_DIGEST,"{""legacy_key"": ""k13"", ""container_id"": ""c9"", ""runtime"": ""docker"", ""score"": 0.55}",high,{},legacy_load,knowledge,[],,
legacy-0094,legacy-c,2025-08-27T23:49:47.428453Z,system,1.0,"[""entity-19""]",exact,tool_result,Legacy event 94: historical context for bottleneck test.,"{""legacy"": true, ""seq"": 94, ""conversation_id"": ""legacy-c""}",LEGACY_FACT,"{""legacy_key"": ""k14"", ""container_id"": ""c10"", ""runtime"": ""docker"", ""score"": 0.6}",medium,{},legacy_load,decision,[],,
legacy-0095,system,2025-08-28T11:49:47.428453Z,memory,0.70,"[""entity-20""]",exact,memory_search,Legacy event 95: historical context for bottleneck test.,"{""legacy"": true, ""seq"": 95, ""conversation_id"": ""system""}",LEGACY_FACT,"{""legacy_key"": ""k15"", ""container_id"": ""c11"", ""runtime"": ""docker"", ""score"": 0.65}",low,{},legacy_load,user,[],,
legacy-0096,legacy-a,2025-08-28T23:49:47.428453Z,system,1.0,"[""entity-21""]",exact,memory_save,Legacy event 96: historical context for bottleneck test.,"{""legacy"": true, ""seq"": 96, ""conversation_id"": ""legacy-a""}",DAILY_DIGEST,"{""legacy_key"": ""k16"", ""container_id"": ""c0"", ""runtime"": ""docker"", ""score"": 0.7}",high,{},legacy_load,knowledge,[],,
legacy-0097,legacy-b,2025-08-29T11:49:47.428453Z,memory,0.70,"[""entity-22""]",exact,memory_fact_save,Legacy event 97: historical context for bottleneck test.,"{""legacy"": true, ""seq"": 97, ""conversation_id"": ""legacy-b""}",LEGACY_FACT,"{""legacy_key"": ""k17"", ""container_id"": ""c1"", ""runtime"": ""docker"", ""score"": 0.75}",medium,{},legacy_load,decision,[],,
legacy-0098,legacy-c,2025-08-29T23:49:47.428453Z,system,1.0,"[""entity-23""]",exact,tool_result,Legacy event 98: historical context for bottleneck test.,"{""legacy"": true, ""seq"": 98, ""conversation_id"": ""legacy-c""}",LEGACY_FACT,"{""legacy_key"": ""k18"", ""container_id"": ""c2"", ""runtime"": ""docker"", ""score"": 0.8}",low,{},legacy_load,user,[],,
legacy-0099,system,2025-08-30T11:49:47.428453Z,memory,0.70,"[""entity-24""]",exact,memory_search,Legacy event 99: historical context for bottleneck test.,"{""legacy"": true, ""seq"": 99, ""conversation_id"": ""system""}",DAILY_DIGEST,"{""legacy_key"": ""k19"", ""container_id"": ""c3"", ""runtime"": ""docker"", ""score"": 0.85}",high,{},legacy_load,knowledge,[],,
legacy-0100,legacy-a,2025-08-30T23:49:47.428453Z,system,1.0,"[""entity-0""]",exact,memory_save,Legacy event 100: historical context for bottleneck test.,"{""legacy"": true, ""seq"": 100, ""conversation_id"": ""legacy-a""}",LEGACY_FACT,"{""legacy_key"": ""k20"", ""container_id"": ""c4"", ""runtime"": ""docker"", ""score"": 0.4}",medium,{},legacy_load,decision,[],,
legacy-0101,legacy-b,2025-08-31T11:49:47.428453Z,memory,0.70,"[""entity-1""]",exact,memory_fact_save,Legacy event 101: historical context for bottleneck test.,"{""legacy"": true, ""seq"": 101, ""conversation_id"": ""legacy-b""}",LEGACY_FACT,"{""legacy_key"": ""k21"", ""container_id"": ""c5"", ""runtime"": ""docker"", ""score"": 0.45}",low,{},legacy_load,user,[],,
legacy-0102,legacy-c,2025-08-31T23:49:47.428453Z,system,1.0,"[""entity-2""]",exact,tool_result,Legacy event 102: historical context for bottleneck test.,"{""legacy"": true, ""seq"": 102, ""conversation_id"": ""legacy-c""}",DAILY_DIGEST,"{""legacy_key"": ""k22"", ""container_id"": ""c6"", ""runtime"": ""docker"", ""score"": 0.5}",high,{},legacy_load,knowledge,[],,
legacy-0103,system,2025-09-01T11:49:47.428453Z,memory,0.70,"[""entity-3""]",exact,memory_search,Legacy event 103: historical context for bottleneck test.,"{""legacy"": true, ""seq"": 103, ""conversation_id"": ""system""}",LEGACY_FACT,"{""legacy_key"": ""k23"", ""container_id"": ""c7"", ""runtime"": ""docker"", ""score"": 0.55}",medium,{},legacy_load,decision,[],,
legacy-0104,legacy-a,2025-09-01T23:49:47.428453Z,system,1.0,"[""entity-4""]",exact,memory_save,Legacy event 104: historical context for bottleneck test.,"{""legacy"": true, ""seq"": 104, ""conversation_id"": ""legacy-a""}",LEGACY_FACT,"{""legacy_key"": ""k24"", ""container_id"": ""c8"", ""runtime"": ""docker"", ""score"": 0.6}",low,{},legacy_load,user,[],,
legacy-0105,legacy-b,2025-09-02T11:49:47.428453Z,memory,0.70,"[""entity-5""]",exact,memory_fact_save,Legacy event 105: historical context for bottleneck test.,"{""legacy"": true, ""seq"": 105, ""conversation_id"": ""legacy-b""}",DAILY_DIGEST,"{""legacy_key"": ""k25"", ""container_id"": ""c9"", ""runtime"": ""docker"", ""score"": 0.65}",high,{},legacy_load,knowledge,[],,
legacy-0106,legacy-c,2025-09-02T23:49:47.428453Z,system,1.0,"[""entity-6""]",exact,tool_result,Legacy event 106: historical context for bottleneck test.,"{""legacy"": true, ""seq"": 106, ""conversation_id"": ""legacy-c""}",LEGACY_FACT,"{""legacy_key"": ""k26"", ""container_id"": ""c10"", ""runtime"": ""docker"", ""score"": 0.7}",medium,{},legacy_load,decision,[],,
legacy-0107,system,2025-09-03T11:49:47.428453Z,memory,0.70,"[""entity-7""]",exact,memory_search,Legacy event 107: historical context for bottleneck test.,"{""legacy"": true, ""seq"": 107, ""conversation_id"": ""system""}",LEGACY_FACT,"{""legacy_key"": ""k27"", ""container_id"": ""c11"", ""runtime"": ""docker"", ""score"": 0.75}",low,{},legacy_load,user,[],,
legacy-0108,legacy-a,2025-09-03T23:49:47.428453Z,system,1.0,"[""entity-8""]",exact,memory_save,Legacy event 108: historical context for bottleneck test.,"{""legacy"": true, ""seq"": 108, ""conversation_id"": ""legacy-a""}",DAILY_DIGEST,"{""legacy_key"": ""k28"", ""container_id"": ""c0"", ""runtime"": ""docker"", ""score"": 0.8}",high,{},legacy_load,knowledge,[],,
legacy-0109,legacy-b,2025-09-04T11:49:47.428453Z,memory,0.70,"[""entity-9""]",exact,memory_fact_save,Legacy event 109: historical context for bottleneck test.,"{""legacy"": true, ""seq"": 109, ""conversation_id"": ""legacy-b""}",LEGACY_FACT,"{""legacy_key"": ""k29"", ""container_id"": ""c1"", ""runtime"": ""docker"", ""score"": 0.85}",medium,{},legacy_load,decision,[],,
legacy-0110,legacy-c,2025-09-04T23:49:47.428453Z,system,1.0,"[""entity-10""]",exact,tool_result,Legacy event 110: historical context for bottleneck test.,"{""legacy"": true, ""seq"": 110, ""conversation_id"": ""legacy-c""}",LEGACY_FACT,"{""legacy_key"": ""k30"", ""container_id"": ""c2"", ""runtime"": ""docker"", ""score"": 0.4}",low,{},legacy_load,user,[],,
legacy-0111,system,2025-09-05T11:49:47.428453Z,memory,0.70,"[""entity-11""]",exact,memory_search,Legacy event 111: historical context for bottleneck test.,"{""legacy"": true, ""seq"": 111, ""conversation_id"": ""system""}",DAILY_DIGEST,"{""legacy_key"": ""k31"", ""container_id"": ""c3"", ""runtime"": ""docker"", ""score"": 0.45}",high,{},legacy_load,knowledge,[],,
legacy-0112,legacy-a,2025-09-05T23:49:47.428453Z,system,1.0,"[""entity-12""]",exact,memory_save,Legacy event 112: historical context for bottleneck test.,"{""legacy"": true, ""seq"": 112, ""conversation_id"": ""legacy-a""}",LEGACY_FACT,"{""legacy_key"": ""k32"", ""container_id"": ""c4"", ""runtime"": ""docker"", ""score"": 0.5}",medium,{},legacy_load,decision,[],,
legacy-0113,legacy-b,2025-09-06T11:49:47.428453Z,memory,0.70,"[""entity-13""]",exact,memory_fact_save,Legacy event 113: historical context for bottleneck test.,"{""legacy"": true, ""seq"": 113, ""conversation_id"": ""legacy-b""}",LEGACY_FACT,"{""legacy_key"": ""k33"", ""container_id"": ""c5"", ""runtime"": ""docker"", ""score"": 0.55}",low,{},legacy_load,user,[],,
legacy-0114,legacy-c,2025-09-06T23:49:47.428453Z,system,1.0,"[""entity-14""]",exact,tool_result,Legacy event 114: historical context for bottleneck test.,"{""legacy"": true, ""seq"": 114, ""conversation_id"": ""legacy-c""}",DAILY_DIGEST,"{""legacy_key"": ""k34"", ""container_id"": ""c6"", ""runtime"": ""docker"", ""score"": 0.6}",high,{},legacy_load,knowledge,[],,
legacy-0115,system,2025-09-07T11:49:47.428453Z,memory,0.70,"[""entity-15""]",exact,memory_search,Legacy event 115: historical context for bottleneck test.,"{""legacy"": true, ""seq"": 115, ""conversation_id"": ""system""}",LEGACY_FACT,"{""legacy_key"": ""k35"", ""container_id"": ""c7"", ""runtime"": ""docker"", ""score"": 0.65}",medium,{},legacy_load,decision,[],,
legacy-0116,legacy-a,2025-09-07T23:49:47.428453Z,system,1.0,"[""entity-16""]",exact,memory_save,Legacy event 116: historical context for bottleneck test.,"{""legacy"": true, ""seq"": 116, ""conversation_id"": ""legacy-a""}",LEGACY_FACT,"{""legacy_key"": ""k36"", ""container_id"": ""c8"", ""runtime"": ""docker"", ""score"": 0.7}",low,{},legacy_load,user,[],,
legacy-0117,legacy-b,2025-09-08T11:49:47.428453Z,memory,0.70,"[""entity-17""]",exact,memory_fact_save,Legacy event 117: historical context for bottleneck test.,"{""legacy"": true, ""seq"": 117, ""conversation_id"": ""legacy-b""}",DAILY_DIGEST,"{""legacy_key"": ""k37"", ""container_id"": ""c9"", ""runtime"": ""docker"", ""score"": 0.75}",high,{},legacy_load,knowledge,[],,
legacy-0118,legacy-c,2025-09-08T23:49:47.428453Z,system,1.0,"[""entity-18""]",exact,tool_result,Legacy event 118: historical context for bottleneck test.,"{""legacy"": true, ""seq"": 118, ""conversation_id"": ""legacy-c""}",LEGACY_FACT,"{""legacy_key"": ""k38"", ""container_id"": ""c10"", ""runtime"": ""docker"", ""score"": 0.8}",medium,{},legacy_load,decision,[],,
legacy-0119,system,2025-09-09T11:49:47.428453Z,memory,0.70,"[""entity-19""]",exact,memory_search,Legacy event 119: historical context for bottleneck test.,"{""legacy"": true, ""seq"": 119, ""conversation_id"": ""system""}",LEGACY_FACT,"{""legacy_key"": ""k39"", ""container_id"": ""c11"", ""runtime"": ""docker"", ""score"": 0.85}",low,{},legacy_load,user,[],,
legacy-0120,legacy-a,2025-09-09T23:49:47.428453Z,system,1.0,"[""entity-20""]",exact,memory_save,Legacy event 120: historical context for bottleneck test.,"{""legacy"": true, ""seq"": 120, ""conversation_id"": ""legacy-a""}",DAILY_DIGEST,"{""legacy_key"": ""k0"", ""container_id"": ""c0"", ""runtime"": ""docker"", ""score"": 0.4}",high,{},legacy_load,knowledge,[],,
legacy-0121,legacy-b,2025-09-10T11:49:47.428453Z,memory,0.70,"[""entity-21""]",exact,memory_fact_save,Legacy event 121: historical context for bottleneck test.,"{""legacy"": true, ""seq"": 121, ""conversation_id"": ""legacy-b""}",LEGACY_FACT,"{""legacy_key"": ""k1"", ""container_id"": ""c1"", ""runtime"": ""docker"", ""score"": 0.45}",medium,{},legacy_load,decision,[],,
legacy-0122,legacy-c,2025-09-10T23:49:47.428453Z,system,1.0,"[""entity-22""]",exact,tool_result,Legacy event 122: historical context for bottleneck test.,"{""legacy"": true, ""seq"": 122, ""conversation_id"": ""legacy-c""}",LEGACY_FACT,"{""legacy_key"": ""k2"", ""container_id"": ""c2"", ""runtime"": ""docker"", ""score"": 0.5}",low,{},legacy_load,user,[],,
legacy-0123,system,2025-09-11T11:49:47.428453Z,memory,0.70,"[""entity-23""]",exact,memory_search,Legacy event 123: historical context for bottleneck test.,"{""legacy"": true, ""seq"": 123, ""conversation_id"": ""system""}",DAILY_DIGEST,"{""legacy_key"": ""k3"", ""container_id"": ""c3"", ""runtime"": ""docker"", ""score"": 0.55}",high,{},legacy_load,knowledge,[],,
legacy-0124,legacy-a,2025-09-11T23:49:47.428453Z,system,1.0,"[""entity-24""]",exact,memory_save,Legacy event 124: historical context for bottleneck test.,"{""legacy"": true, ""seq"": 124, ""conversation_id"": ""legacy-a""}",LEGACY_FACT,"{""legacy_key"": ""k4"", ""container_id"": ""c4"", ""runtime"": ""docker"", ""score"": 0.6}",medium,{},legacy_load,decision,[],,
legacy-0125,legacy-b,2025-09-12T11:49:47.428453Z,memory,0.70,"[""entity-0""]",exact,memory_fact_save,Legacy event 125: historical context for bottleneck test.,"{""legacy"": true, ""seq"": 125, ""conversation_id"": ""legacy-b""}",LEGACY_FACT,"{""legacy_key"": ""k5"", ""container_id"": ""c5"", ""runtime"": ""docker"", ""score"": 0.65}",low,{},legacy_load,user,[],,
legacy-0126,legacy-c,2025-09-12T23:49:47.428453Z,system,1.0,"[""entity-1""]",exact,tool_result,Legacy event 126: historical context for bottleneck test.,"{""legacy"": true, ""seq"": 126, ""conversation_id"": ""legacy-c""}",DAILY_DIGEST,"{""legacy_key"": ""k6"", ""container_id"": ""c6"", ""runtime"": ""docker"", ""score"": 0.7}",high,{},legacy_load,knowledge,[],,
legacy-0127,system,2025-09-13T11:49:47.428453Z,memory,0.70,"[""entity-2""]",exact,memory_search,Legacy event 127: historical context for bottleneck test.,"{""legacy"": true, ""seq"": 127, ""conversation_id"": ""system""}",LEGACY_FACT,"{""legacy_key"": ""k7"", ""container_id"": ""c7"", ""runtime"": ""docker"", ""score"": 0.75}",medium,{},legacy_load,decision,[],,
legacy-0128,legacy-a,2025-09-13T23:49:47.428453Z,system,1.0,"[""entity-3""]",exact,memory_save,Legacy event 128: historical context for bottleneck test.,"{""legacy"": true, ""seq"": 128, ""conversation_id"": ""legacy-a""}",LEGACY_FACT,"{""legacy_key"": ""k8"", ""container_id"": ""c8"", ""runtime"": ""docker"", ""score"": 0.8}",low,{},legacy_load,user,[],,
legacy-0129,legacy-b,2025-09-14T11:49:47.428453Z,memory,0.70,"[""entity-4""]",exact,memory_fact_save,Legacy event 129: historical context for bottleneck test.,"{""legacy"": true, ""seq"": 129, ""conversation_id"": ""legacy-b""}",DAILY_DIGEST,"{""legacy_key"": ""k9"", ""container_id"": ""c9"", ""runtime"": ""docker"", ""score"": 0.85}",high,{},legacy_load,knowledge,[],,
legacy-0130,legacy-c,2025-09-14T23:49:47.428453Z,system,1.0,"[""entity-5""]",exact,tool_result,Legacy event 130: historical context for bottleneck test.,"{""legacy"": true, ""seq"": 130, ""conversation_id"": ""legacy-c""}",LEGACY_FACT,"{""legacy_key"": ""k10"", ""container_id"": ""c10"", ""runtime"": ""docker"", ""score"": 0.4}",medium,{},legacy_load,decision,[],,
legacy-0131,system,2025-09-15T11:49:47.428453Z,memory,0.70,"[""entity-6""]",exact,memory_search,Legacy event 131: historical context for bottleneck test.,"{""legacy"": true, ""seq"": 131, ""conversation_id"": ""system""}",LEGACY_FACT,"{""legacy_key"": ""k11"", ""container_id"": ""c11"", ""runtime"": ""docker"", ""score"": 0.45}",low,{},legacy_load,user,[],,
legacy-0132,legacy-a,2025-09-15T23:49:47.428453Z,system,1.0,"[""entity-7""]",exact,memory_save,Legacy event 132: historical context for bottleneck test.,"{""legacy"": true, ""seq"": 132, ""conversation_id"": ""legacy-a""}",DAILY_DIGEST,"{""legacy_key"": ""k12"", ""container_id"": ""c0"", ""runtime"": ""docker"", ""score"": 0.5}",high,{},legacy_load,knowledge,[],,
legacy-0133,legacy-b,2025-09-16T11:49:47.428453Z,memory,0.70,"[""entity-8""]",exact,memory_fact_save,Legacy event 133: historical context for bottleneck test.,"{""legacy"": true, ""seq"": 133, ""conversation_id"": ""legacy-b""}",LEGACY_FACT,"{""legacy_key"": ""k13"", ""container_id"": ""c1"", ""runtime"": ""docker"", ""score"": 0.55}",medium,{},legacy_load,decision,[],,
legacy-0134,legacy-c,2025-09-16T23:49:47.428453Z,system,1.0,"[""entity-9""]",exact,tool_result,Legacy event 134: historical context for bottleneck test.,"{""legacy"": true, ""seq"": 134, ""conversation_id"": ""legacy-c""}",LEGACY_FACT,"{""legacy_key"": ""k14"", ""container_id"": ""c2"", ""runtime"": ""docker"", ""score"": 0.6}",low,{},legacy_load,user,[],,
legacy-0135,system,2025-09-17T11:49:47.428453Z,memory,0.70,"[""entity-10""]",exact,memory_search,Legacy event 135: historical context for bottleneck test.,"{""legacy"": true, ""seq"": 135, ""conversation_id"": ""system""}",DAILY_DIGEST,"{""legacy_key"": ""k15"", ""container_id"": ""c3"", ""runtime"": ""docker"", ""score"": 0.65}",high,{},legacy_load,knowledge,[],,
legacy-0136,legacy-a,2025-09-17T23:49:47.428453Z,system,1.0,"[""entity-11""]",exact,memory_save,Legacy event 136: historical context for bottleneck test.,"{""legacy"": true, ""seq"": 136, ""conversation_id"": ""legacy-a""}",LEGACY_FACT,"{""legacy_key"": ""k16"", ""container_id"": ""c4"", ""runtime"": ""docker"", ""score"": 0.7}",medium,{},legacy_load,decision,[],,
legacy-0137,legacy-b,2025-09-18T11:49:47.428453Z,memory,0.70,"[""entity-12""]",exact,memory_fact_save,Legacy event 137: historical context for bottleneck test.,"{""legacy"": true, ""seq"": 137, ""conversation_id"": ""legacy-b""}",LEGACY_FACT,"{""legacy_key"": ""k17"", ""container_id"": ""c5"", ""runtime"": ""docker"", ""score"": 0.75}",low,{},legacy_load,user,[],,
legacy-0138,legacy-c,2025-09-18T23:49:47.428453Z,system,1.0,"[""entity-13""]",exact,tool_result,Legacy event 138: historical context for bottleneck test.,"{""legacy"": true, ""seq"": 138, ""conversation_id"": ""legacy-c""}",DAILY_DIGEST,"{""legacy_key"": ""k18"", ""container_id"": ""c6"", ""runtime"": ""docker"", ""score"": 0.8}",high,{},legacy_load,knowledge,[],,
legacy-0139,system,2025-09-19T11:49:47.428453Z,memory,0.70,"[""entity-14""]",exact,memory_search,Legacy event 139: historical context for bottleneck test.,"{""legacy"": true, ""seq"": 139, ""conversation_id"": ""system""}",LEGACY_FACT,"{""legacy_key"": ""k19"", ""container_id"": ""c7"", ""runtime"": ""docker"", ""score"": 0.85}",medium,{},legacy_load,decision,[],,
legacy-0140,legacy-a,2025-09-19T23:49:47.428453Z,system,1.0,"[""entity-15""]",exact,memory_save,Legacy event 140: historical context for bottleneck test.,"{""legacy"": true, ""seq"": 140, ""conversation_id"": ""legacy-a""}",LEGACY_FACT,"{""legacy_key"": ""k20"", ""container_id"": ""c8"", ""runtime"": ""docker"", ""score"": 0.4}",low,{},legacy_load,user,[],,
legacy-0141,legacy-b,2025-09-20T11:49:47.428453Z,memory,0.70,"[""entity-16""]",exact,memory_fact_save,Legacy event 141: historical context for bottleneck test.,"{""legacy"": true, ""seq"": 141, ""conversation_id"": ""legacy-b""}",DAILY_DIGEST,"{""legacy_key"": ""k21"", ""container_id"": ""c9"", ""runtime"": ""docker"", ""score"": 0.45}",high,{},legacy_load,knowledge,[],,
legacy-0142,legacy-c,2025-09-20T23:49:47.428453Z,system,1.0,"[""entity-17""]",exact,tool_result,Legacy event 142: historical context for bottleneck test.,"{""legacy"": true, ""seq"": 142, ""conversation_id"": ""legacy-c""}",LEGACY_FACT,"{""legacy_key"": ""k22"", ""container_id"": ""c10"", ""runtime"": ""docker"", ""score"": 0.5}",medium,{},legacy_load,decision,[],,
legacy-0143,system,2025-09-21T11:49:47.428453Z,memory,0.70,"[""entity-18""]",exact,memory_search,Legacy event 143: historical context for bottleneck test.,"{""legacy"": true, ""seq"": 143, ""conversation_id"": ""system""}",LEGACY_FACT,"{""legacy_key"": ""k23"", ""container_id"": ""c11"", ""runtime"": ""docker"", ""score"": 0.55}",low,{},legacy_load,user,[],,
legacy-0144,legacy-a,2025-09-21T23:49:47.428453Z,system,1.0,"[""entity-19""]",exact,memory_save,Legacy event 144: historical context for bottleneck test.,"{""legacy"": true, ""seq"": 144, ""conversation_id"": ""legacy-a""}",DAILY_DIGEST,"{""legacy_key"": ""k24"", ""container_id"": ""c0"", ""runtime"": ""docker"", ""score"": 0.6}",high,{},legacy_load,knowledge,[],,
legacy-0145,legacy-b,2025-09-22T11:49:47.428453Z,memory,0.70,"[""entity-20""]",exact,memory_fact_save,Legacy event 145: historical context for bottleneck test.,"{""legacy"": true, ""seq"": 145, ""conversation_id"": ""legacy-b""}",LEGACY_FACT,"{""legacy_key"": ""k25"", ""container_id"": ""c1"", ""runtime"": ""docker"", ""score"": 0.65}",medium,{},legacy_load,decision,[],,
legacy-0146,legacy-c,2025-09-22T23:49:47.428453Z,system,1.0,"[""entity-21""]",exact,tool_result,Legacy event 146: historical context for bottleneck test.,"{""legacy"": true, ""seq"": 146, ""conversation_id"": ""legacy-c""}",LEGACY_FACT,"{""legacy_key"": ""k26"", ""container_id"": ""c2"", ""runtime"": ""docker"", ""score"": 0.7}",low,{},legacy_load,user,[],,
legacy-0147,system,2025-09-23T11:49:47.428453Z,memory,0.70,"[""entity-22""]",exact,memory_search,Legacy event 147: historical context for bottleneck test.,"{""legacy"": true, ""seq"": 147, ""conversation_id"": ""system""}",DAILY_DIGEST,"{""legacy_key"": ""k27"", ""container_id"": ""c3"", ""runtime"": ""docker"", ""score"": 0.75}",high,{},legacy_load,knowledge,[],,
legacy-0148,legacy-a,2025-09-23T23:49:47.428453Z,system,1.0,"[""entity-23""]",exact,memory_save,Legacy event 148: historical context for bottleneck test.,"{""legacy"": true, ""seq"": 148, ""conversation_id"": ""legacy-a""}",LEGACY_FACT,"{""legacy_key"": ""k28"", ""container_id"": ""c4"", ""runtime"": ""docker"", ""score"": 0.8}",medium,{},legacy_load,decision,[],,
legacy-0149,legacy-b,2025-09-24T11:49:47.428453Z,memory,0.70,"[""entity-24""]",exact,memory_fact_save,Legacy event 149: historical context for bottleneck test.,"{""legacy"": true, ""seq"": 149, ""conversation_id"": ""legacy-b""}",LEGACY_FACT,"{""legacy_key"": ""k29"", ""container_id"": ""c5"", ""runtime"": ""docker"", ""score"": 0.85}",low,{},legacy_load,user,[],,
